Country Name,Country Code,Indicator Name,2000,2001,2002,2003,2004,2005,2006,2007,2008,2009,2010,2011,2012,2013,2014,2015,2016,2017,2018,2019,2020,2021,2022,2023
Aruba,ABW,Current health expenditure (% of GDP),,,,,,,,,,,,,,,,,,,,,,,,
Africa Eastern and Southern,AFE,Current health expenditure (% of GDP),5.656959671,5.818257331,5.447206389,6.029446782,6.115127586,5.960903112,5.981045662,6.001088124,5.891980812,6.407416747,6.445274355,6.354502891,6.168262677,6.179715999,5.840838327,5.998179706,6.097985922,5.953892185,5.809333943,5.830223373,5.881778983,5.865552576,,
Afghanistan,AFG,Current health expenditure (% of GDP),,,9.44339085,8.94125843,9.80847359,9.94828892,10.62276554,9.90467453,10.25649548,9.81848717,8.56967163,8.56190777,7.89716864,8.80596447,9.52887821,10.10534763,11.81859016,12.62081718,14.20841885,14.83131981,15.53361416,21.82794952,,
Africa Western and Central,AFW,Current health expenditure (% of GDP),3.7237501,3.720807744,3.366085691,4.61919361,4.426386264,4.231252961,4.105236422,3.85749151,3.678161142,3.765718196,3.498501513,3.523383574,3.489340457,3.603167918,3.583835465,3.806467511,3.796931468,3.817354666,3.430337752,3.417184441,3.840715341,4.140713497,,
Angola,AGO,Current health expenditure (% of GDP),1.90859938,4.48351622,3.32946134,3.54797316,3.96719909,2.85219526,2.68553543,2.97439122,3.32290339,3.84260798,2.69509959,2.64560771,2.39574957,2.73282695,2.43412876,2.60579467,2.71314979,2.79383755,2.58879566,2.47517991,3.22070646,2.96010613,,
Albania,ALB,Current health expenditure (% of GDP),5.94419765,5.92584515,5.66464472,5.91140795,5.89364862,5.72954512,5.63177013,5.92609119,5.50900269,5.82603931,6.23667669,6.18297672,6.15746212,6.28286266,6.43451118,6.46411896,6.7293272,6.57848787,6.66844559,6.86214113,7.51920271,7.26731825,,
Andorra,AND,Current health expenditure (% of GDP),5.95276403,5.85823727,5.99621153,5.54771519,5.28846931,5.59476948,4.96530008,4.92347288,5.67066383,6.08094168,7.67537737,7.62060833,6.71083689,6.79964209,6.77308035,6.91586447,6.90521765,7.07142639,7.37541723,7.323246,8.78673935,8.33449364,,
Arab World,ARB,Current health expenditure (% of GDP),3.932307228,4.220152232,4.198643507,3.999631386,3.724181183,3.430019354,3.422317189,3.539261239,3.371537954,4.314896568,3.926966189,3.82429168,3.903775497,4.149184834,4.495414875,4.994469805,5.273366893,5.172794237,4.858297992,4.954509067,5.7502115,5.327656798,,
United Arab Emirates,ARE,Current health expenditure (% of GDP),2.37413526,2.48437047,2.71770859,2.64634395,2.46204329,2.32019687,2.3254137,2.56569624,2.92847514,4.04999304,3.87873054,3.67006993,3.33596373,3.50222182,3.53405499,3.46609354,3.89580107,4.00854969,4.09854221,4.38618946,5.82477045,5.30695152,,
Argentina,ARG,Current health expenditure (% of GDP),8.22001076,8.37179852,7.3933115,6.89451647,7.22868252,7.61078882,7.64032793,7.83455086,8.1826973,9.45599556,9.44546413,9.41819859,9.82726669,9.78097916,9.67129993,10.22933674,9.85558891,10.23174763,10.29146862,10.04194355,10.34701538,9.70880699,,
Armenia,ARM,Current health expenditure (% of GDP),4.2,4.65,7.61,7.18,6.06,5.86,5.85,5.5,6.64,8.44,9.24,9.38,9.13,10.32,10.18,10.12,9.95,10.36,10.01,11.38,12.24,12.34,,
American Samoa,ASM,Current health expenditure (% of GDP),,,,,,,,,,,,,,,,,,,,,,,,
Antigua and Barbuda,ATG,Current health expenditure (% of GDP),4.71542597,5.43839121,5.28793621,5.58143282,5.11667967,4.99094057,4.63050652,4.44609547,4.20027018,4.17732763,5.37907028,5.44257212,5.47921467,5.50909233,5.87269926,5.27965546,5.12190151,4.87493944,4.84869289,4.37567186,5.92146206,5.85133028,,
Australia,AUS,Current health expenditure (% of GDP),7.59412289,7.67809916,7.87627029,7.88087225,8.08708572,7.97029352,7.97702456,8.05496502,8.24855137,8.54473877,8.42025661,8.53744984,8.67456913,8.75058746,9.83354282,10.18225861,10.09288597,10.12281322,10.05971909,10.21965981,10.6837368,10.54363918,,
Austria,AUT,Current health expenditure (% of GDP),9.2,9.27,9.39,9.55,9.71,9.63,9.53,9.53,9.73,10.23,10.22,10.03,10.2,10.29,10.37,10.37,10.35,10.38,10.35,10.49,11.39,12.1,,
Azerbaijan,AZE,Current health expenditure (% of GDP),2.95,2.77,2.73,2.73,2.66,2.23,2.07,1.99,2.05,2.77,2.65,2.6,3.16,3.23,3.59,4.34,4.42,4.07,3.84,4.18,5.85,4.7,,
Burundi,BDI,Current health expenditure (% of GDP),4.22181606,5.68180418,5.34983587,5.27245188,7.09572744,7.56016588,8.71264839,9.1855402,7.74147511,9.23238468,11.28196716,10.06996346,8.63756466,8.62834644,7.21081543,6.29022646,7.06148243,6.95275736,7.29396152,9.05010796,10.71837234,9.10190964,,
Belgium,BEL,Current health expenditure (% of GDP),7.99917603,8.14988804,8.31820965,9.16443539,9.32808781,9.22374916,9.12963009,9.13628674,9.5951395,10.32117939,10.20229435,10.36337948,10.50204754,10.57661152,10.60909367,10.79745102,10.79354668,10.79855728,10.86148262,10.79477787,11.19751263,11.04290771,,
Benin,BEN,Current health expenditure (% of GDP),2.9591713,3.30417323,3.09589195,3.11678505,3.23273873,3.22345805,3.28773856,2.93715644,2.65178108,2.88892651,3.00988984,2.99707985,3.07562971,2.86880755,2.69111967,2.72813416,2.79549599,2.66813827,2.88632059,2.50914454,2.46970391,2.58129549,,
Burkina Faso,BFA,Current health expenditure (% of GDP),2.9502635,2.88835382,2.97113013,3.14307284,4.21720934,3.95109582,4.51446247,5.23373222,4.64780712,5.08159161,5.23958349,4.64868164,4.60267258,5.56331587,5.00027227,5.13192415,5.96067238,6.02490044,5.0057807,5.31868935,6.50193262,6.37691164,,
Bangladesh,BGD,Current health expenditure (% of GDP),1.80504513,1.77201855,1.93417108,1.96152198,1.99854314,2.05873919,2.10646582,2.17268491,2.11878848,2.18321705,2.28807664,2.36418128,2.3537879,2.29574466,2.27915168,2.27217698,2.38938212,2.36720181,2.31622243,2.25762248,2.27063942,2.36492991,,
Bulgaria,BGR,Current health expenditure (% of GDP),5.83,6.86,7.08,7.2,6.89,6.89,6.53,6.16,6.28,6.6,7.1,7.1,7.54,7.14,7.68,7.39,7.46,7.49,7.33,7.09,8.48,8.56,,
Bahrain,BHR,Current health expenditure (% of GDP),3.33542562,3.48573017,3.67866111,3.88658071,3.49817729,3.25870824,3.10821271,3.29534078,3.2038722,4.32666922,4.08934975,3.8651762,4.10642147,4.30853891,4.41240263,4.97671938,4.86051178,4.51235676,4.12745667,3.95980334,4.71684837,4.26834059,,
"Bahamas, The",BHS,Current health expenditure (% of GDP),3.80487037,3.92440891,3.81251931,4.01998568,4.04628181,4.03196478,4.30935764,4.49598694,4.86261654,5.1500144,5.25594234,5.32398558,5.3190918,5.59409571,5.53944159,5.16048241,5.68248844,6.70352888,5.98263836,5.82275152,7.64700842,7.13872051,,
Bosnia and Herzegovina,BIH,Current health expenditure (% of GDP),8,7.61,7.43,8.31,9.06,9.05,9.17,9.53,9.69,9.02,9.02,9.18,9.49,9.45,9.49,9.24,9.14,8.82,8.76,8.93,9.7,9.56,,
Belarus,BLR,Current health expenditure (% of GDP),5.28,5.71,5.62,5.77,5.74,6.07,5.57,5.69,5.29,5.39,5.66,4.87,5.25,5.7,5.39,6.07,5.91,5.76,5.53,5.86,6.41,6.57,,
Belize,BLZ,Current health expenditure (% of GDP),2.98060012,3.49099278,3.59433174,3.56305766,3.44779563,3.46698904,3.57004833,4.07867432,4.53821993,4.52587652,4.49519491,4.54942894,4.36242819,4.43660116,4.88208723,4.65365601,4.76508141,4.61620188,4.74657917,4.81374073,5.30974436,4.98043823,,
Bermuda,BMU,Current health expenditure (% of GDP),,,,,,,,,,,,,,,,,,,,,,,,
Bolivia,BOL,Current health expenditure (% of GDP),4.39554119,4.82522202,4.89645052,5.19709635,4.86315727,5.07408142,4.66087532,4.6968894,4.60677242,5.17444515,5.20230532,5.17306805,5.2539444,5.57465124,5.89613628,6.55064964,6.83333063,6.4901948,6.60399437,6.88792992,8.0225811,8.15972805,,
Brazil,BRA,Current health expenditure (% of GDP),8.33457184,8.54963303,8.69686985,8.18899441,8.12491989,8.03539562,8.24952507,8.20182991,8.01128483,8.39480495,7.94516611,7.78819132,7.73637724,7.9766016,8.39644146,8.90929985,9.16901493,9.47124863,9.46475029,9.61449146,10.18235016,9.89072323,,
Barbados,BRB,Current health expenditure (% of GDP),5.33187246,5.52529192,5.86123466,6.69148111,7.31297731,6.77536297,6.58370161,6.05665207,6.47753286,7.14522552,6.77094746,6.89690495,7.77819967,7.39825487,6.96651411,6.83201313,6.83736086,6.65253401,6.45336485,6.20015001,7.37276554,8.09043312,,
Brunei Darussalam,BRN,Current health expenditure (% of GDP),2.5479064,2.5465107,2.53447938,2.60260582,2.55193377,2.23386168,1.9072516,1.94145441,1.87612021,2.39306617,2.27826095,1.86409724,1.85097206,1.898314,1.91436803,2.38708901,2.54828691,2.27022862,2.41289377,2.19410944,2.39334464,2.20486665,,
Bhutan,BTN,Current health expenditure (% of GDP),4.44684267,5.0041995,4.59563637,4.1293807,4.59777308,4.13416338,4.4061017,4.1298461,3.38117099,3.5476253,3.55879498,3.34921789,3.61913681,3.70787191,3.55791116,3.75701189,3.57613945,3.3407371,3.2427721,3.60361075,4.36274862,3.84550023,,
Botswana,BWA,Current health expenditure (% of GDP),6.10838556,6.3660779,6.66529799,6.40933847,6.09125996,5.26532936,4.87599421,5.52080727,5.89747286,6.62081194,6.26718187,5.86915016,6.35010576,6.49913645,5.8804059,6.10287762,5.76837635,6.62986994,6.04010344,6.12193203,6.1213398,6.30929565,,
Central African Republic,CAF,Current health expenditure (% of GDP),4.27478504,3.95594192,4.22761345,4.39720297,4.30442286,4.36732149,4.44105434,4.71851492,4.08699083,4.81901121,3.56699872,3.67561865,3.91814446,4.76660204,4.56557369,5.03434181,5.44402313,6.66541576,10.99657822,7.76124763,8.98538017,9.06853294,,
Canada,CAN,Current health expenditure (% of GDP),8.24814415,8.62482357,8.85670471,9.01090145,9.06628132,9.03540611,9.34210205,9.44540119,9.60754967,10.66225815,10.67611408,10.37950897,10.50971508,10.41174984,10.25765324,10.73869705,11.0319252,10.90631104,10.90542507,11.00887775,13.0351181,12.3341074,11.15471363,
Central Europe and the Baltics,CEB,Current health expenditure (% of GDP),5.703093734,5.904526011,6.152603439,6.389783588,6.352646493,6.359309415,6.215409495,6.127277829,6.372140169,6.842440577,6.895399786,6.598820879,6.61643882,6.673056363,6.595865555,6.520013169,6.676983248,6.604894014,6.552157054,6.663201617,7.265007052,7.442092414,,
Switzerland,CHE,Current health expenditure (% of GDP),9.13442421,9.46040154,9.88000202,10.13696766,10.22576523,10.05823421,9.58019924,9.41693878,9.53167629,10.1415062,9.93353558,10.04628563,10.14446354,10.37922478,10.42800808,10.77887917,10.9900341,11.0451622,10.77226162,11.06363678,11.73206806,11.80107975,,
Channel Islands,CHI,Current health expenditure (% of GDP),,,,,,,,,,,,,,,,,,,,,,,,
Chile,CHL,Current health expenditure (% of GDP),7.00020742,7.09733057,7.20833778,7.25047779,6.91028547,6.62372112,6.07235622,6.21259642,6.73954487,7.25026846,6.81958437,6.79947519,7.01951313,7.47552633,7.84150124,8.3513937,8.55767059,9.090518,9.22575188,9.36262131,9.72726822,9.34327984,9.00162983,
China,CHN,Current health expenditure (% of GDP),4.50828123,4.25330067,4.38285255,4.41762781,4.29347467,4.17605019,3.94742203,3.67491412,3.900002,4.34958458,4.23068333,4.34274387,4.56584787,4.71490669,4.77790594,4.93827963,4.97955608,5.06592178,5.16790485,5.3502779,5.59359741,5.38360548,,
Cote d'Ivoire,CIV,Current health expenditure (% of GDP),6.12679291,6.01767921,5.90386152,5.47972536,5.47516584,5.00639105,4.76326609,4.55249786,4.56869602,4.46966648,4.41577387,4.39700699,4.4273715,3.71773791,3.7310183,3.2198832,3.32101274,3.24693036,3.0916779,3.21496511,3.62587261,3.13269377,,
Cameroon,CMR,Current health expenditure (% of GDP),4.11237431,3.88486743,4.02669907,3.90227985,3.72798967,3.77274442,3.73662806,3.70858574,3.65843678,3.49997187,3.57742167,3.85282946,3.9310236,3.63111043,3.78765464,3.59505081,3.5937767,3.39752436,3.61970162,3.65157914,3.77177453,3.82407379,,
"Congo, Dem. Rep.",COD,Current health expenditure (% of GDP),1.46594739,2.62310958,2.57012916,3.73353338,4.33564186,3.98558235,4.06210661,3.89384961,4.31254768,4.51133156,3.72224283,3.19435549,3.2215035,3.34057522,3.72520614,3.74785447,4.20027828,4.00057793,3.24127173,3.508039,4.05092573,3.7859261,,
"Congo, Rep.",COG,Current health expenditure (% of GDP),1.50500846,2.18529987,1.70167828,1.91852403,1.92152369,1.71774101,1.70861316,1.90200174,2.2392714,2.1422224,1.85172856,1.75237322,1.90971065,1.94347155,1.97311735,2.45668483,2.77497125,2.52240992,1.8976357,2.54176092,4.39382887,3.87537813,,
Colombia,COL,Current health expenditure (% of GDP),5.63529348,5.94238281,5.73296595,5.77505445,5.79892111,6.06710529,6.33546638,6.49102163,6.84192228,7.3113451,7.07130146,6.78076792,6.74601603,7.01724052,7.18553209,7.52338552,7.53117037,7.67864323,7.62541437,7.77954912,8.71432114,9.01772404,,
Comoros,COM,Current health expenditure (% of GDP),7.5153451,6.65322924,6.68114853,6.65392351,6.58027744,6.12521315,5.77074099,5.41753864,5.06897497,4.92694378,4.99181557,5.3021183,5.17354631,5.10299349,5.23849726,4.60089922,4.65263557,5.26807451,4.90318584,5.18044472,5.86521959,6.33513117,,
Cabo Verde,CPV,Current health expenditure (% of GDP),4.43401194,4.75244379,4.7555151,4.50008631,4.37710667,4.27364111,4.48974991,4.18900156,3.58312893,3.88152432,4.47555733,4.30527449,5.13365459,5.28994226,5.32722235,4.82334185,4.84606647,5.2683692,4.73804712,4.56319857,6.12421703,6.90378904,,
Costa Rica,CRI,Current health expenditure (% of GDP),6.56498766,6.47409868,6.8690877,6.9691925,6.63006067,6.6642971,6.93530846,6.99642611,7.46854782,7.86019135,8.02937794,8.12197781,7.78642321,7.68229342,7.66376162,7.59196234,7.31724358,7.04522991,7.28587723,7.22124958,7.8254571,7.56881428,,
Caribbean small states,CSS,Current health expenditure (% of GDP),4.312801524,4.347372418,4.456862254,4.672295326,4.789727446,4.709501964,4.841540832,4.847538051,5.005797578,5.252418314,5.214419385,5.220558631,5.231054382,5.295790902,5.229563359,5.244015481,5.406694741,5.693009062,5.635670815,5.740380652,6.656423507,6.300225632,,
Cuba,CUB,Current health expenditure (% of GDP),6.58189821,6.9820981,7.11481619,7.10295439,6.83178711,8.75525475,8.2719059,10.9674921,11.31422806,12.29053974,10.6880827,11.31298637,9.29940987,10.43099499,12.1412344,12.81401348,12.2177515,11.47197342,11.0184288,11.08496857,12.48639679,13.78727818,,
Curacao,CUW,Current health expenditure (% of GDP),,,,,,,,,,,,,,,,,,,,,,,,
Cayman Islands,CYM,Current health expenditure (% of GDP),,,,,,,,,,,,,,,,,,,,,,,,
Cyprus,CYP,Current health expenditure (% of GDP),5.31,5.34,5.62,5.64,5.41,5.44,5.46,5.36,6.01,6.47,6.5,6.43,6.54,6.93,6.93,6.79,6.65,6.62,6.83,7.07,8.41,9.43,,
Czechia,CZE,Current health expenditure (% of GDP),5.70103025,5.86295414,6.17736149,6.52412462,6.35071039,6.34086704,6.16380167,5.98578405,6.33024931,7.24880648,7.58647251,7.5580225,7.62448311,7.52132368,7.61248875,7.36897945,7.44554329,7.38071585,7.47048092,7.60336018,9.2136879,9.4887867,,
Germany,DEU,Current health expenditure (% of GDP),9.88843536,9.92069149,10.18365669,10.40202236,10.14603233,10.31153965,10.17995167,10.05132961,10.25128746,11.23791218,11.09592915,10.77844906,10.85345554,10.99905777,11.02588272,11.19047737,11.241889,11.33617592,11.48051548,11.71550655,12.69255257,12.93412971,12.65471077,
Djibouti,DJI,Current health expenditure (% of GDP),3.3991127,3.19861364,3.7554152,4.27386999,3.53825521,3.80623102,4.22306824,4.05582809,3.61543369,3.64194465,3.35966682,3.37655354,3.299927,2.92013574,2.96726322,3.3475771,2.7416594,2.46857476,2.33968735,2.16640544,2.15048313,2.87667227,,
Dominica,DMA,Current health expenditure (% of GDP),5.32374382,4.64501858,4.6531105,4.84617901,4.74520159,4.97772503,4.78092194,4.79109955,5.04968786,4.98329306,5.15711927,5.33450365,5.79509926,5.34749842,5.26141691,5.15941811,5.12308073,5.46245432,6.18495989,5.16903925,5.99901152,6.50494003,,
Denmark,DNK,Current health expenditure (% of GDP),8.1,8.45,8.7,8.9,9.01,9.09,9.17,9.33,9.51,10.67,10.61,10.41,10.52,10.33,10.31,10.34,10.25,10.1,10.1,10.15,10.56,10.82,9.5,
Dominican Republic,DOM,Current health expenditure (% of GDP),4.88427496,4.88183308,4.98649025,4.38888264,4.2877388,4.35391188,3.99365425,4.08935308,4.56146193,4.76337624,4.92355442,5.03797865,5.04897833,4.91598225,4.79757166,4.72216797,4.57663107,4.49336958,4.12601566,4.23948717,4.93998051,4.91815567,,
Algeria,DZA,Current health expenditure (% of GDP),3.48903275,3.83787704,3.7300415,3.60104108,3.5440731,3.23516107,3.35510349,3.82141757,4.20188284,5.35939837,5.11716986,5.26748085,6.00050974,6.03576279,6.54721403,6.96321011,6.58904791,6.53307724,6.38729763,5.86751413,6.14268684,5.5283432,,
East Asia & Pacific (excluding high income),EAP,Current health expenditure (% of GDP),3.955105382,3.854398443,3.916667983,3.982631724,3.891980092,3.882671376,3.731546493,3.557911117,3.727574962,4.126697527,4.019935541,4.142319064,4.33718043,4.468904897,4.556697838,4.717823605,4.754000806,4.818915708,4.917928687,5.066156525,5.351997905,5.259768862,,
Early-demographic dividend,EAR,Current health expenditure (% of GDP),4.714918989,4.934577593,4.692807567,4.822878423,4.800472107,4.781904327,4.720917971,4.710311856,4.677412932,5.020660066,4.828816659,4.795129246,4.887968412,4.980043633,4.97034327,5.129686261,5.048020264,4.890204181,4.704951094,4.64126514,5.036674862,5.039169861,,
East Asia & Pacific,EAS,Current health expenditure (% of GDP),6.102215873,6.134778526,6.101668135,6.20038824,6.177945212,6.133260223,5.938238972,5.729189684,5.888003584,6.390105138,6.267968379,6.697544776,6.756365886,6.515888164,6.514373584,6.500715136,6.581081996,6.540787447,6.557047016,6.730005023,6.950535819,6.761496376,,
Europe & Central Asia (excluding high income),ECA,Current health expenditure (% of GDP),4.804889076,5.084279166,5.295581247,5.365542372,5.276020205,5.256485284,5.33821484,5.276931069,5.213817352,5.556776755,5.185360687,4.884574225,4.893473483,4.813965744,4.752386271,4.703100535,4.877937736,4.780643129,4.804599945,5.000734588,5.538881833,5.684637651,,
Europe & Central Asia,ECS,Current health expenditure (% of GDP),7.997458801,8.161857717,8.409945434,8.631569681,8.613105326,8.596808137,8.546947853,8.420517437,8.615339818,9.447980242,9.212517988,9.049151167,9.044520426,9.077788825,9.18336425,9.265183109,9.309262365,9.21979819,9.241914057,9.343479671,10.4980617,10.52896024,,
Ecuador,ECU,Current health expenditure (% of GDP),3.33441973,3.75668859,4.47671938,5.44398975,5.56991434,5.59754324,5.70635176,5.43095398,5.46596193,5.79984474,6.22109413,6.580935,6.86373377,6.88127422,6.83199883,7.60513353,7.41604376,7.53717899,7.82609653,7.77070522,8.35889626,8.28661728,,
"Egypt, Arab Rep.",EGY,Current health expenditure (% of GDP),4.92244291,5.40030336,5.5107379,5.2242527,4.85732365,4.92229176,4.84190083,4.44493246,4.46634817,4.37870932,4.15319157,4.35707569,4.45891809,4.6710043,4.77415323,5.06153202,5.07462406,5.34661913,4.74892998,4.5994668,4.15384626,4.60955143,,
Euro area,EMU,Current health expenditure (% of GDP),8.63963952,8.738943685,8.954754287,9.162805083,9.189487354,9.287401639,9.278606425,9.180959747,9.479815292,10.2406528,10.2001132,10.07947622,10.1665172,10.21731411,10.25228468,10.21843629,10.18884948,10.15889318,10.14895477,10.23091068,11.236186,11.32141718,,
Eritrea,ERI,Current health expenditure (% of GDP),5.76670074,5.91931677,6.68857431,7.33703375,7.00984955,6.8641758,6.85727453,5.2786293,6.415205,5.38878489,4.83844233,5.16795397,3.7449646,4.97097206,4.02524328,4.45034695,3.6608541,3.98912001,4.12701797,4.58734369,4.15886974,4.15077114,,
Spain,ESP,Current health expenditure (% of GDP),6.7992177,6.76895761,6.80052757,7.56327057,7.65842772,7.73191786,7.82905865,7.9186573,8.38225937,9.10764122,9.11891174,9.1679697,9.15415382,9.06397724,9.08488464,9.12207508,8.94727325,8.94491291,8.99686718,9.1456852,10.74565983,10.74003887,,
Estonia,EST,Current health expenditure (% of GDP),5.17029095,4.78060246,4.70329475,5.13883257,5.33758926,5.29536057,4.97390509,5.18455648,5.95724869,6.84477043,6.59433842,6.0781703,6.09506845,6.28062296,6.36199903,6.64135027,6.70240974,6.59727097,6.6912818,6.81699181,7.57906532,7.49057293,6.94306278,
Ethiopia,ETH,Current health expenditure (% of GDP),4.36504698,4.72316694,4.7126298,4.89970922,4.31281853,4.10098124,4.45757294,5.00128317,4.28063869,4.64983416,5.46637249,4.46897745,4.5395956,4.07506514,4.03365517,3.82316828,3.60033751,3.45336914,3.30371761,3.23382378,3.48096275,3.20824432,,
European Union,EUU,Current health expenditure (% of GDP),8.436047125,8.558084727,8.781175487,8.996402476,9.003199682,9.072746423,9.04124009,8.92979225,9.20027814,9.95757958,9.896649615,9.833599957,9.924805662,9.982950062,10.00768095,9.957893109,9.945835547,9.897823774,9.874150845,9.936616441,10.87223206,10.95035257,,
Fragile and conflict affected situations,FCS,Current health expenditure (% of GDP),4.052643048,4.399380925,4.268389791,4.991529874,4.770587619,4.523559394,4.45658643,4.424366684,4.119867531,4.4645346,4.224717499,4.135759707,4.16479415,4.284649984,4.224999515,4.452833085,4.779831863,4.74427021,4.443085524,4.379815292,4.867284128,5.164709939,,
Finland,FIN,Current health expenditure (% of GDP),7.09,7.25,7.63,7.94,8.06,8.29,8.28,8.08,8.34,9.16,9.14,9.22,9.59,9.81,9.78,9.65,9.38,9.13,9.05,9.17,9.63,10.25,,
Fiji,FJI,Current health expenditure (% of GDP),3.42441177,2.90547299,2.98349524,2.97298193,3.25768542,3.25656676,3.34798193,3.41514993,3.18467116,3.53587627,3.41664124,3.14293504,3.2655499,3.20040679,3.36860466,3.32468939,3.27979708,3.18689561,4.10572624,4.25136137,4.76918268,5.38085365,,
France,FRA,Current health expenditure (% of GDP),9.58447742,9.7056284,10.02218628,10.08283424,10.16429329,10.2148447,10.38566494,10.31564426,10.50084686,11.28756237,11.22560215,11.18497562,11.29740047,11.39603043,11.53937244,11.44817352,11.47060013,11.35469437,11.20798969,11.0888586,12.13096142,12.30787277,,
Faroe Islands,FRO,Current health expenditure (% of GDP),,,,,,,,,,,,,,,,,,,,,,,,
"Micronesia, Fed. Sts.",FSM,Current health expenditure (% of GDP),7.76511145,8.45260048,7.89720392,9.57150459,12.02715683,17.73306656,10.74129105,11.0585041,11.99137974,12.55259323,13.10624504,13.09527397,12.27709675,12.10208416,11.72290421,12.46286297,13.13244915,12.1958313,11.65710258,11.2604599,10.84531593,10.96059132,,
Gabon,GAB,Current health expenditure (% of GDP),2.90186048,3.14902449,3.3248477,3.53258252,3.33045959,2.9324131,3.14333963,3.16288781,2.78980231,3.83571577,2.47556901,2.55771565,2.42097569,2.84087205,2.53282261,2.65743947,3.1076982,2.78068876,2.74500418,2.76836324,3.41300368,2.70633149,,
United Kingdom,GBR,Current health expenditure (% of GDP),7.12928009,7.34416342,7.65009499,8.05579185,8.30715179,8.36301231,8.62893772,8.62399578,9.02561569,10.04505444,9.92673969,9.92486763,9.95296001,9.87251186,9.86246872,9.79776669,9.72899723,9.5958786,9.73079777,9.95761967,12.15863419,12.36469936,11.34454918,
Georgia,GEO,Current health expenditure (% of GDP),7.19,7.17,7.81,8.03,8.09,8.08,7.63,7.44,8.44,9.57,9.07,8.01,8.05,7.88,7.9,7.42,8,7.06,7.11,6.66,8.43,8.42,7.37,
Ghana,GHA,Current health expenditure (% of GDP),2.790447,3.17077661,2.88721824,2.82690215,2.76365352,3.63137388,3.67091465,3.80248857,3.87511325,4.37879181,4.22398996,4.69264126,4.00799608,4.59225416,4.01644135,4.5429678,3.39035821,3.73087549,3.80673027,4.29847813,4.01752424,4.15176868,,
Gibraltar,GIB,Current health expenditure (% of GDP),,,,,,,,,,,,,,,,,,,,,,,,
Guinea,GIN,Current health expenditure (% of GDP),4.74825478,4.89139318,5.36402321,4.78055525,4.78467607,4.04512262,3.61521959,3.46627593,3.26562262,3.58147597,3.42782617,3.78955102,3.50398517,3.46108699,4.787992,5.80919266,5.39694929,3.91512918,3.73843002,4.08876228,3.876436,3.75556707,,
"Gambia, The",GMB,Current health expenditure (% of GDP),6.65441465,5.63960838,6.27723551,5.32621098,5.42000151,5.38602448,5.43720865,4.95501947,4.65938807,4.46430683,4.11944056,4.36967373,4.26872253,3.91374874,3.05234575,3.1761291,3.19523716,3.35449266,3.34384227,3.158566,3.72824287,3.18962693,,
Guinea-Bissau,GNB,Current health expenditure (% of GDP),4.18953228,4.53104782,3.96902514,3.53315258,4.27734661,4.5516243,5.0809288,5.03941393,5.45864058,4.73428679,5.26704073,6.21634817,5.94134808,7.03943443,9.96897411,8.13228226,8.32881451,7.00049543,7.28130722,7.16052532,9.02139282,8.2233429,,
Equatorial Guinea,GNQ,Current health expenditure (% of GDP),1.10720015,1.20301282,2.74982452,1.82749987,1.45293343,1.29643106,1.29171956,1.30166054,1.11555648,1.76790214,1.62134683,1.42923808,1.51459265,1.64174569,1.75401485,2.34058356,2.8594172,2.74714279,2.85223937,3.16833544,3.89984655,3.40450907,,
Greece,GRC,Current health expenditure (% of GDP),7.24332523,7.9878397,8.23377991,8.44915581,8.0939045,8.56466961,8.25866985,8.39808273,8.82774162,9.40688515,9.59662342,9.19330311,8.92415524,8.43796444,7.89141178,8.22004509,8.44874668,8.13515854,8.12024307,8.19811249,9.50363827,9.17298794,,
Grenada,GRD,Current health expenditure (% of GDP),5.35886383,5.62456989,6.17569733,5.28485727,5.36568451,5.14460278,5.11352158,5.23867893,5.386199,5.43471003,5.4188118,5.80423355,5.82235765,5.62652922,4.77353573,4.64675617,4.43910027,4.65701056,4.58373737,4.93189621,5.55900049,5.6984539,,
Greenland,GRL,Current health expenditure (% of GDP),,,,,,,,,,,,,,,,,,,,,,,,
Guatemala,GTM,Current health expenditure (% of GDP),5.39686108,6.07023716,6.01301289,6.15306854,6.26182795,6.14826393,6.36362219,6.1918335,6.08129978,6.33938646,6.1247797,5.96306896,6.07316971,5.77188921,5.8885684,6.00602007,6.07008219,6.13563824,6.10662699,6.17457819,6.46693325,6.9008255,,
Guam,GUM,Current health expenditure (% of GDP),,,,,,,,,,,,,,,,,,,,,,,,
Guyana,GUY,Current health expenditure (% of GDP),3.18737936,3.05506778,3.19353795,3.26884198,3.43770432,3.79409742,3.93144464,4.28126192,4.20242214,4.35117149,4.21897697,4.17213488,3.7081871,3.80231309,3.94755435,4.02264786,4.01842117,4.3191123,4.90492535,4.90331507,5.50584173,4.94385052,,
High income,HIC,Current health expenditure (% of GDP),9.364711143,9.832979107,10.25296661,10.42330882,10.34349042,10.36436295,10.39682457,10.33273282,10.46433327,11.4653323,11.31490228,11.26606691,11.36876106,11.38028441,11.59117875,12.05485743,12.2327917,12.14957868,12.06366123,12.26948154,13.7364223,13.12805548,,
"Hong Kong SAR, China",HKG,Current health expenditure (% of GDP),,,,,,,,,,,,,,,,,,,,,,,,
Honduras,HND,Current health expenditure (% of GDP),6.26817989,5.92998314,6.2445755,6.89004707,6.85484362,7.50086403,7.86318684,8.08494949,8.60362625,8.99592495,8.72536373,8.79187012,8.65655136,8.47723007,7.91455746,7.4837904,7.709445,7.00668859,7.22820663,7.30497599,9.03509808,9.16101742,,
Heavily indebted poor countries (HIPC),HPC,Current health expenditure (% of GDP),3.923167702,4.259588551,4.459418878,4.645109036,4.763454627,4.819069225,4.974671926,5.004509174,4.831298996,5.18152094,5.026728821,5.007412853,4.866948152,4.954937722,4.884820798,4.98650742,4.925651605,4.796669211,4.648387283,4.742641532,4.929467679,4.934533505,,
Croatia,HRV,Current health expenditure (% of GDP),7.65,7.17,6.14,6.3,6.5,6.84,6.91,7.41,7.65,8.08,7.99,7.66,7.68,6.43,6.61,6.69,6.73,6.66,6.75,6.8,7.72,8.1,,
Haiti,HTI,Current health expenditure (% of GDP),3.99165702,3.7502923,3.43250132,3.53695321,3.42928433,3.30554652,3.48013902,3.64734101,3.75722051,3.50277376,4.54871035,5.91197777,5.56462336,4.10524035,4.52035809,5.07518148,4.80760574,3.8199389,4.31650305,3.91107917,3.22171092,3.47919273,,
Hungary,HUN,Current health expenditure (% of GDP),6.78,6.83,7.12,8.12,7.76,7.98,7.78,7.2,7.09,7.22,7.45,7.48,7.41,7.23,7.05,6.85,6.99,6.74,6.58,6.28,7.29,7.38,,
IBRD only,IBD,Current health expenditure (% of GDP),5.183638797,5.224373197,5.121605324,5.144264188,5.090143244,5.073906572,4.997385137,4.919315462,4.989880455,5.34567175,5.141886749,5.100465581,5.163208253,5.25262967,5.29528388,5.391528701,5.416002703,5.433679019,5.392282164,5.466246824,5.829879874,5.726092143,,
IDA & IBRD total,IBT,Current health expenditure (% of GDP),5.040653315,5.090308563,4.989205866,5.047688704,4.997587386,4.990450662,4.928036539,4.853936693,4.910603391,5.246389268,5.052811804,5.010686362,5.070323081,5.162167641,5.192367655,5.282948325,5.304503095,5.322328494,5.269964371,5.338522708,5.688167907,5.616001412,,
IDA total,IDA,Current health expenditure (% of GDP),3.397003395,3.510439546,3.522919116,3.976112439,3.953550228,4.02283658,4.131668252,4.060362974,3.945283013,4.046809465,3.926280542,3.814556761,3.829637897,3.971950075,3.901291091,3.964666911,3.923685813,3.852350802,3.677841971,3.700681857,3.909021896,4.111200025,,
IDA blend,IDB,Current health expenditure (% of GDP),3.15478121,3.090874605,2.871174254,3.717241371,3.556814929,3.67392846,3.788054798,3.622781716,3.509375152,3.423220362,3.448632036,3.334374061,3.387979833,3.495533815,3.41224295,3.485953601,3.547052465,3.510142141,3.265388345,3.262220108,3.607922174,3.955735788,,
Indonesia,IDN,Current health expenditure (% of GDP),1.85297656,2.11850214,1.98062706,2.24837184,2.12002277,2.53189397,2.61946416,2.82385564,2.54842305,2.62324095,2.7908783,2.98942471,2.91427088,2.86934805,2.96433568,2.92428517,3.02147198,2.90417194,2.86757827,2.87862897,3.42067289,3.70636249,,
IDA only,IDX,Current health expenditure (% of GDP),3.589362691,3.847529925,4.061202358,4.19199517,4.309834019,4.349765478,4.479165714,4.492964987,4.363019673,4.585534972,4.359399514,4.259033585,4.283044174,4.474082535,4.42056096,4.445911718,4.263021825,4.132245423,4.023086593,4.056356208,4.132714325,4.227221924,,
Isle of Man,IMN,Current health expenditure (% of GDP),,,,,,,,,,,,,,,,,,,,,,,,
India,IND,Current health expenditure (% of GDP),4.03,4.26,4.24,4.01,3.96,3.79,3.63,3.52,3.51,3.49,3.27,3.25,3.33,3.75,3.62,3.6,3.5,2.94,2.86,2.95,3.34,3.28,,
Not classified,INX,Current health expenditure (% of GDP),,,,,,,,,,,,,,,,,,,,,,,,
Ireland,IRL,Current health expenditure (% of GDP),5.89902735,6.3924942,6.67263079,7.00761366,7.21972942,7.64242792,7.516469,7.80773783,9.12564754,10.52275658,10.52404499,10.60614967,10.59787655,10.27730751,9.51343918,7.33597517,7.46859169,7.12621927,6.49550152,6.7090106,7.1091466,6.71662664,6.07060957,
"Iran, Islamic Rep.",IRN,Current health expenditure (% of GDP),4.72250843,5.16087341,4.65182209,4.95589161,5.12801409,5.29996157,5.15990877,4.91188192,5.03990459,6.11493444,6.29153061,6.09787989,6.12235117,5.54722023,6.35239553,7.53311825,7.99202633,7.83454609,7.73915195,6.27398872,5.40149546,5.77013779,,
Iraq,IRQ,Current health expenditure (% of GDP),,,,2.99693584,3.90128636,3.01704645,2.49370432,3.2148056,3.06604242,3.77203989,3.23955345,2.80316377,2.69365859,2.80868459,2.78786659,3.15587044,4.58949184,4.04064989,4.12989378,4.25509405,6.17485046,5.24727583,,
Iceland,ISL,Current health expenditure (% of GDP),8.9,8.75,9.4,9.73,9.33,8.95,8.56,8.35,8.34,8.78,8.36,8.2,8.18,8.18,8.23,8.07,8.1,8.26,8.38,8.58,9.61,9.73,8.57,
Israel,ISR,Current health expenditure (% of GDP),6.62,7.02,6.92,6.86,6.8,6.9,6.71,6.7,6.83,6.92,6.89,6.84,6.98,6.96,7.05,7.02,7.1,7.18,7.23,7.17,7.71,7.9,,
Italy,ITA,Current health expenditure (% of GDP),7.57,7.74,7.87,7.83,8.17,8.34,8.44,8.14,8.53,8.95,8.92,8.77,8.78,8.78,8.87,8.86,8.73,8.68,8.68,8.66,9.63,9.38,9,
Jamaica,JAM,Current health expenditure (% of GDP),5.64462519,5.15652943,4.74544334,4.22014141,4.80435276,4.54581785,4.20788145,5.32057667,5.61143064,5.14654493,5.2951932,5.23845339,4.88512897,4.95443439,5.16564465,5.62470436,5.70102215,6.14859295,5.96798849,6.09761,6.62580395,7.18521214,,
Jordan,JOR,Current health expenditure (% of GDP),9.34367943,9.57236385,9.2786417,8.78901005,8.74670506,8.49441624,7.67925692,7.90982628,8.48880577,9.22396946,8.17025661,8.14807701,7.81799555,7.16592407,7.20892906,7.4609561,6.97644138,7.10953665,6.98295021,6.99518251,7.03820276,7.28875065,,
Japan,JPN,Current health expenditure (% of GDP),7.03,7.24,7.35,7.49,7.54,7.66,7.69,7.78,8.09,8.96,9.06,10.49,10.67,10.67,10.73,10.75,10.66,10.66,10.74,10.97,11,10.82,,
Kazakhstan,KAZ,Current health expenditure (% of GDP),4.16,3.47,3.61,3.72,3.98,3.9,3.4,2.7,3.05,3.5,2.74,2.6,3.04,2.66,2.97,3.04,3.42,3.05,2.82,2.79,3.75,3.92,,
Kenya,KEN,Current health expenditure (% of GDP),3.62714171,3.76578307,3.84691834,4.05870771,4.23645926,4.24245214,5.11269999,5.22106314,5.28900909,5.26973343,5.38849831,5.20212841,5.0180583,4.93100405,4.91267347,4.76439571,4.75429106,3.98597503,4.09903383,4.36874676,4.47622252,4.54763126,,
Kyrgyz Republic,KGZ,Current health expenditure (% of GDP),4.41,4.28,4.59,5.82,6.2,7.45,8.31,6.93,6.53,6.9,6.95,7.11,8.51,8.19,7.36,7.15,6.41,6.19,5.01,4.49,5.26,5.44,,
Cambodia,KHM,Current health expenditure (% of GDP),6.53804731,7.00522089,7.22556973,6.93705606,7.07894278,6.84559298,6.11889315,4.90875959,6.60109425,7.58330584,6.91169977,7.50353098,7.26115417,7.10386753,6.70157766,6.19431591,6.11648464,5.65125847,6.06630135,6.84972715,7.11156559,7.53223085,,
Kiribati,KIR,Current health expenditure (% of GDP),8.65,12.3,11.87,10.7,12.43,11.52,11.54,11.36,14.08,13.49,9.34,8.67,8.69,9.53,10.09,8.11,10.47,11.46,12.97,12.59,16.99,14.81,,
St. Kitts and Nevis,KNA,Current health expenditure (% of GDP),4.79933786,4.39693737,4.45210552,4.75159693,4.49067402,4.72803831,4.98203421,4.79733467,5.30566025,5.28673744,5.2136941,5.1628871,5.00998354,5.04429483,4.74668789,5.11798382,5.42126036,5.26021719,4.89200258,5.18704271,5.65951824,6.1634655,,
"Korea, Rep.",KOR,Current health expenditure (% of GDP),3.85544181,4.29693604,4.0143261,4.28309107,4.26715517,4.54809093,4.84870243,4.95489931,5.24600267,5.65905666,5.81980991,5.91454506,6.0325017,6.15069818,6.40432453,6.58926058,6.87049913,7.04742336,7.49119806,8.17479515,8.3497715,9.33145523,9.72047997,
Kuwait,KWT,Current health expenditure (% of GDP),2.20343971,3.18838811,3.12468719,2.76216865,2.35702467,2.01313829,1.8213098,1.92673647,1.92400301,2.70638776,2.67879915,2.33303547,2.33311439,2.48789287,2.9159987,4.21497965,4.73096323,4.65326786,5.18862629,5.35958719,6.34761143,5.78120756,,
Latin America & Caribbean (excluding high income),LAC,Current health expenditure (% of GDP),6.407762474,6.507905277,6.35890086,6.600848726,6.702676876,6.78946145,6.859757372,7.022559226,7.049961224,7.602536339,7.304451118,7.207730969,7.210131149,7.352686781,7.488890313,7.84618678,7.870123124,8.051986084,7.897880357,7.892297961,8.511465926,8.214073214,,
Lao PDR,LAO,Current health expenditure (% of GDP),4.27513599,4.29031658,3.69751263,4.47920704,3.54057336,3.33673191,2.93200922,3.15345573,2.76727295,3.46300411,2.91155219,1.94457507,2.07637572,2.39984965,2.29845548,2.45366454,2.36087489,2.52606821,2.24630332,2.60312223,2.05965185,2.74392009,,
Lebanon,LBN,Current health expenditure (% of GDP),10.82951355,10.56254768,9.28233719,8.67109871,7.99923086,7.54867649,8.66057873,8.55984211,7.81751728,7.0073576,7.43864489,8.17744446,7.00420094,7.06795645,7.52279758,7.41596651,7.92386055,7.80396605,8.07092381,8.6936779,7.57650805,10.06154442,,
Liberia,LBR,Current health expenditure (% of GDP),2.87913179,2.27906799,2.28035998,2.66176748,6.3381567,7.14322186,6.06891537,4.32794046,5.99615717,11.57163811,10.35444641,9.71052551,8.15444565,7.09007835,8.77403069,10.46927643,9.90062618,10.47271252,10.35222721,8.42100334,16.96832657,16.6163311,,
Libya,LBY,Current health expenditure (% of GDP),3.31908512,3.92571616,4.73818302,3.97301245,3.38328195,2.51707149,2.29996443,2.41929626,2.24441886,3.5828805,3.28064442,4.01902008,,,,,,,,,,,,
St. Lucia,LCA,Current health expenditure (% of GDP),4.86549902,5.12139463,5.38887024,5.24069643,4.76760817,4.86039829,5.1270175,5.54166603,5.09061956,5.24410772,5.05308437,5.07998085,4.9241581,5.04967594,4.62420511,4.51419878,4.44803333,4.37286377,4.18686533,4.19073772,6.79121685,6.2111187,,
Latin America & Caribbean,LCN,Current health expenditure (% of GDP),6.442447041,6.540886551,6.398442349,6.619947517,6.699469393,6.759452666,6.797714034,6.961903415,7.012712531,7.566023925,7.271399988,7.178179515,7.187394885,7.343063321,7.487249254,7.845102511,7.890686604,8.091044764,7.968317899,7.979048773,8.604944917,8.303151826,,
Least developed countries: UN classification,LDC,Current health expenditure (% of GDP),3.046771466,3.457052753,3.672370165,3.88388985,4.089718196,4.042947979,4.20033818,4.255319259,4.141549936,4.444379678,4.114261983,4.012391414,3.933414606,4.120427391,4.101096141,4.209809179,4.134742951,3.992614789,3.835008081,3.825782921,3.921362555,4.013506725,,
Low income,LIC,Current health expenditure (% of GDP),3.676007603,4.105132949,4.372877629,4.720842925,4.833363714,4.806788363,5.045606741,5.221531195,4.97209798,5.398895604,5.093814103,4.806069949,4.930430388,5.461946763,5.424034837,5.324940578,5.488469942,5.32780778,4.993664179,4.937728941,5.276519606,5.252879299,,
Liechtenstein,LIE,Current health expenditure (% of GDP),,,,,,,,,,,,,,,,,,,,,,,,
Sri Lanka,LKA,Current health expenditure (% of GDP),4.11,4.06,4.04,3.65,4.04,3.88,3.85,3.82,3.85,4.06,3.74,3.58,3.31,3.69,3.47,3.68,3.62,3.33,3.64,3.9,4.02,4.07,,
Lower middle income,LMC,Current health expenditure (% of GDP),3.927059853,4.109028555,4.005941869,4.066369144,3.993596241,3.964162972,3.925233124,3.804477244,3.802008426,3.843305937,3.699895171,3.684133813,3.736708307,3.945091176,3.846300498,3.913116866,3.874265524,3.568887205,3.471043582,3.537373179,3.799148649,3.917814057,,
Low & middle income,LMY,Current health expenditure (% of GDP),4.987684269,5.019133038,4.88071938,4.96651623,4.941013561,4.947552975,4.889376919,4.811235779,4.836107266,5.154491461,4.990296282,4.981746037,5.030577059,5.114815938,5.144832999,5.241230564,5.25499622,5.25996066,5.198749618,5.254745646,5.532352721,5.435479311,,
Lesotho,LSO,Current health expenditure (% of GDP),5.6117692,7.27745867,6.54458666,6.04550791,6.05738831,5.44926691,6.11966372,7.22254515,7.66656303,8.95305061,7.64088917,9.07558823,10.04389858,10.99592113,9.99930382,9.2965641,9.24261093,10.57480335,11.114995,11.94662285,10.27927017,10.21370411,,
Late-demographic dividend,LTE,Current health expenditure (% of GDP),5.333384226,5.243762196,5.290425762,5.202088438,5.102254703,5.080448458,5.002242602,4.911294131,5.021517261,5.464640772,5.237592593,5.158493339,5.191283356,5.302094766,5.396829623,5.459331382,5.544397034,5.643109191,5.623444341,5.780103778,6.138142192,5.968839314,,
Lithuania,LTU,Current health expenditure (% of GDP),6.2,6.01,6.14,6.19,5.51,5.65,5.84,5.76,6.29,7.37,6.81,6.49,6.28,6.13,6.19,6.49,6.64,6.48,6.53,6.99,7.48,7.82,7.46,
Luxembourg,LUX,Current health expenditure (% of GDP),5.93,6.38,6.76,6.96,7.28,7.12,6.64,6.16,6.23,6.95,6.66,5.95,5.29,5.24,5.23,5.08,5.07,5.14,5.28,5.47,5.74,5.67,5.46,
Latvia,LVA,Current health expenditure (% of GDP),5.43,5.77,5.76,5.48,6.2,5.83,5.7,5.51,5.58,6.1,6.1,5.72,5.41,5.41,5.46,5.65,6.13,5.97,6.19,6.61,7.25,9.04,,
"Macao SAR, China",MAC,Current health expenditure (% of GDP),,,,,,,,,,,,,,,,,,,,,,,,
St. Martin (French part),MAF,Current health expenditure (% of GDP),,,,,,,,,,,,,,,,,,,,,,,,
Morocco,MAR,Current health expenditure (% of GDP),3.69304585,3.81601191,4.06117535,4.08037519,4.23211098,4.37350655,4.56586647,4.80759001,4.83789158,5.27312183,5.41861057,5.37019396,5.39619017,5.25540543,5.41626596,5.10435581,5.09203386,4.98920393,4.94516659,4.99129868,5.83834505,5.73834944,,
Monaco,MCO,Current health expenditure (% of GDP),3.69517851,3.75390792,3.80860424,4.43205786,4.52466917,4.50320387,4.29524565,3.81156135,4.08357811,4.84195948,4.95791674,4.63501215,4.7558527,4.57341814,4.44085073,4.31544638,4.12037039,4.15852404,4.03953457,3.87725186,4.27983093,3.68486166,,
Moldova,MDA,Current health expenditure (% of GDP),5.93,6.23,7.4,7.02,8.97,9.56,10.54,11.02,10.95,13.68,10.13,9.1,9.14,8.68,8.63,8.56,7.54,7.13,6.71,6.5,7,7.75,,
Madagascar,MDG,Current health expenditure (% of GDP),3.99177575,4.11513805,4.92547607,5.00276518,5.25089979,5.2155776,5.07203817,4.60865784,4.08111715,4.38469839,4.69762659,4.521595,3.9110589,3.75156283,4.46240282,5.0062542,5.33248854,4.80225992,4.22846937,3.10129309,3.72316122,3.5045228,,
Maldives,MDV,Current health expenditure (% of GDP),7.74,8.21,8.78,6.78,7.48,8.83,8.05,8.31,11.47,10.09,8.49,7.92,8.67,8.16,7.91,8.73,10.31,9.27,7.44,7.66,11.35,10.03,,
Middle East & North Africa,MEA,Current health expenditure (% of GDP),4.428835073,4.770493171,4.654604998,4.500710008,4.278466279,4.043134309,3.951698398,3.995520202,3.881006455,4.829551895,4.579257508,4.468735755,4.527625785,4.566982471,4.964691146,5.526360406,5.872899917,5.802620879,5.424239301,5.352068046,6.040420826,5.763296696,,
Mexico,MEX,Current health expenditure (% of GDP),4.44912481,4.8203578,5.07164288,5.81486416,5.95390368,5.83612156,5.65525532,5.76644468,5.69886971,6.12978411,5.73688889,5.51883602,5.66522074,5.80923605,5.55340958,5.72277355,5.55345821,5.45759058,5.38345814,5.44796371,6.22204065,6.07868719,,
Marshall Islands,MHL,Current health expenditure (% of GDP),17.4808979,14.81642723,12.84072018,12.76533508,15.61940098,20.21598053,20.33398056,16.26939583,15.20470905,14.53969955,13.93147564,13.08627224,13.03814125,13.46883583,13.20781231,15.33984375,15.73866177,14.38502884,15.26284122,14.82552052,12.58777618,12.54863834,,
Middle income,MIC,Current health expenditure (% of GDP),5.013083117,5.035921442,4.891096934,4.971479972,4.943173614,4.95040947,4.886240292,4.803040837,4.833348286,5.149479695,4.988383508,4.984738187,5.032085962,5.110146335,5.140911126,5.240018751,5.252118115,5.259151793,5.201161005,5.258620357,5.535648082,5.437627642,,
North Macedonia,MKD,Current health expenditure (% of GDP),8.87,8.38,8.98,9.01,8.47,7.68,7.38,6.57,6.55,6.53,6.71,6.52,6.61,6.72,6.29,6.34,6.38,6.44,6.46,7.07,7.73,8.52,,
Mali,MLI,Current health expenditure (% of GDP),5.46631575,4.51950884,4.99773645,5.0505991,5.21767759,5.19516516,5.45589256,5.25303173,5.02686644,5.2122364,4.67865133,4.01483774,3.7521615,3.96750712,4.48158312,4.11143351,3.77377558,3.67425752,3.73249912,3.82943797,3.47597885,4.47341442,,
Malta,MLT,Current health expenditure (% of GDP),6.57,7,7.71,7.9,8.05,8.66,8.81,8.17,7.86,7.92,7.95,8.45,8.38,8.5,9.09,8.9,8.97,8.73,8.55,9.15,10.74,10.58,,
Myanmar,MMR,Current health expenditure (% of GDP),2,2.15,2.58,2.38,2.32,2.33,2.25,2.02,2.11,2.16,1.96,1.93,2.41,3.2,4.39,5.48,5.11,5.08,4.9,4.71,4.62,5.63,,
Middle East & North Africa (excluding high income),MNA,Current health expenditure (% of GDP),4.713884071,5.068106735,4.984066342,4.828520655,4.733695867,4.561952935,4.46336523,4.493501006,4.504298922,5.28203958,5.169630082,5.16848866,5.296357132,5.109222597,5.477382133,5.985790345,6.370788242,6.35392112,5.925074863,5.415550875,5.431573493,5.467619594,,
Montenegro,MNE,Current health expenditure (% of GDP),,,,,,,,,,,,7.97,8.3,8.47,8,9.02,8.63,7.98,8.34,8.33,11.42,10.55,,
Mongolia,MNG,Current health expenditure (% of GDP),5.69538355,5.05435562,5.18856382,4.10218763,4.15718555,3.7552557,3.74971509,4.07522774,4.55693007,4.45980072,3.73945689,3.58612084,3.85800076,4.08932018,4.20989752,4.23154545,4.58008575,4.33954334,4.53449297,4.49497843,4.6662488,6.911304,,
Northern Mariana Islands,MNP,Current health expenditure (% of GDP),,,,,,,,,,,,,,,,,,,,,,,,
Mozambique,MOZ,Current health expenditure (% of GDP),2.18767238,2.87893057,3.2773509,3.39533854,3.67226458,4.37538815,4.08873844,3.93067098,4.22139311,5.20390034,5.43892908,5.00311899,5.24640608,6.12585449,6.33251858,6.71663332,7.28134441,7.83763266,8.0889616,7.95272589,7.56957626,9.05218315,,
Mauritania,MRT,Current health expenditure (% of GDP),3.37824655,3.5718379,4.00224972,4.03254652,3.70429492,3.40312648,2.70252752,2.87644005,3.01338983,3.11034036,2.63618922,2.47383666,2.64919329,2.86799884,3.46724391,3.67363763,3.09630585,3.31550789,3.17838526,3.30148649,3.38773394,4.12218571,,
Mauritius,MUS,Current health expenditure (% of GDP),2.85734653,2.92151856,3.18897271,3.18201613,3.31652546,3.51794028,3.60573649,3.52321672,3.93896508,4.17035627,4.51898289,4.25059652,4.21993399,4.620821,5.38024664,5.55042362,5.54289532,5.61408615,5.63982916,6.02485895,6.48210192,6.39258909,,
Malawi,MWI,Current health expenditure (% of GDP),2.35247517,2.06040049,2.69725966,3.32019806,4.07199907,4.30046511,4.91223288,5.44258356,6.10668802,5.87333822,5.14304781,5.32226658,6.02199793,8.22379494,6.89776182,6.62879086,7.72703791,7.58438921,6.87366676,7.15010023,7.0088768,7.41194487,,
Malaysia,MYS,Current health expenditure (% of GDP),2.51463366,2.6753974,2.66876554,2.92417073,2.86016941,2.78692698,3.10897732,3.07041144,3.00692558,3.2610569,3.16474271,3.31451917,3.45786357,3.51276922,3.71036959,3.82201481,3.70085335,3.71472311,3.75944281,3.83991051,4.08395433,4.38380671,,
North America,NAC,Current health expenditure (% of GDP),12.20271019,12.87154848,13.66091187,14.10714258,14.12596206,14.12177946,14.24091579,14.41403999,14.67442398,15.72038983,15.66141126,15.54602645,15.55245146,15.44149872,15.64655508,16.03957828,16.36853194,16.31284337,16.18838664,16.24181798,18.34399603,16.96827486,16.15161069,
Namibia,NAM,Current health expenditure (% of GDP),9.23999977,9.64409447,9.68074989,9.91340542,10.12623405,10.08441544,10.57086945,10.71633053,9.91801167,9.04967022,9.72781372,9.83193302,9.26659298,9.06448746,8.4089098,9.98109627,9.3223238,8.72573948,8.31648731,8.43033981,8.90162563,9.38092136,,
New Caledonia,NCL,Current health expenditure (% of GDP),,,,,,,,,,,,,,,,,,,,,,,,
Niger,NER,Current health expenditure (% of GDP),4.65891504,4.72659349,4.82717037,4.74740648,4.97818327,5.87749624,5.99335575,5.43105888,5.24640608,5.33850145,4.96100473,4.87323856,4.30732679,4.46636009,4.45377159,5.34745932,4.53239059,5.57609606,5.30310822,5.66642094,6.17012262,5.81452751,,
Nigeria,NGA,Current health expenditure (% of GDP),3.1973834,3.18946862,2.49063969,5.05360985,4.63368416,4.46591949,4.25775146,3.90997243,3.69581532,3.5801971,3.29653287,3.32077932,3.35984254,3.4206934,3.34840417,3.58194995,3.64773679,3.74762511,3.09069347,2.98547053,3.38063431,4.07625723,,
Nicaragua,NIC,Current health expenditure (% of GDP),5.23883677,5.48459768,5.73315859,6.08317614,6.05740356,6.22468948,6.35756445,6.95643044,7.16700697,7.68584394,7.71019173,7.44982004,7.48836899,7.63869238,7.97716141,7.96303272,8.04877567,8.32754421,8.4993515,8.56945896,8.65219975,9.68343163,,
Netherlands,NLD,Current health expenditure (% of GDP),7.71,8.06,8.65,9.06,9.11,9.1,9.08,9.05,9.28,9.99,10.16,10.23,10.54,10.58,10.57,10.32,10.06,10.11,10.02,10.14,11.21,11.29,,
Norway,NOR,Current health expenditure (% of GDP),7.7,8.01,8.98,9.19,8.8,8.3,7.88,8.02,7.92,9.03,8.86,8.73,8.72,8.87,9.28,10.07,10.53,10.23,9.96,10.44,11.42,10.08,8.14,
Nepal,NPL,Current health expenditure (% of GDP),3.13,3.81,3.94,3.86,4.05,3.95,3.54,3.67,3.82,3.9,4.36,4.45,4.49,4.63,5.08,5.47,5.42,4.72,4.53,4.45,5.21,5.42,,
Nauru,NRU,Current health expenditure (% of GDP),18.96671295,16.22330093,13.80812454,9.97444248,6.87889576,10.82081795,12.41761494,24.23068047,23.0041008,12.31575871,12.6964016,9.96043968,8.84148979,9.85010052,8.38675785,14.00562382,10.99060059,11.4886446,11.10239792,11.55542469,12.68183994,13.06414223,,
New Zealand,NZL,Current health expenditure (% of GDP),7.4700222,7.5789361,7.90045929,7.72169256,7.90090561,8.27334881,8.63841629,8.32904434,9.12382889,9.62076378,9.59277534,9.51987362,9.65163612,9.36019325,9.40168381,9.28344345,9.24379444,8.96694851,9.0351162,9.49310207,10.07205391,10.04858398,,
OECD members,OED,Current health expenditure (% of GDP),9.33441743,9.814859917,10.24167511,10.46145702,10.41844494,10.46992387,10.54550636,10.51994632,10.7191547,11.66006014,11.55052755,11.59079371,11.72001777,11.71406663,11.87441681,12.24158507,12.40732428,12.36483015,12.32526849,12.52138227,13.92876454,13.3533917,,
Oman,OMN,Current health expenditure (% of GDP),2.68485427,2.70073724,2.77737164,2.77524447,2.59660101,2.26479053,2.01985121,2.11371112,1.75567567,2.4694581,2.47588587,2.23611403,2.27702832,2.5054009,3.13740134,4.07826233,4.17580843,3.95418668,3.21469474,3.80648994,5.25332022,4.37028217,,
Other small states,OSS,Current health expenditure (% of GDP),5.118829315,5.142788639,5.441538497,5.620404953,5.536536825,5.499629331,5.267774972,5.281474407,5.405343219,5.969409973,5.748570202,5.550601441,5.570230937,5.765689438,5.930283752,6.208510424,6.292827527,6.188258317,6.120848929,6.223005174,7.257364611,7.348330643,,
Pakistan,PAK,Current health expenditure (% of GDP),2.71176577,2.54956865,2.66229343,2.30006313,2.22177458,2.55108738,2.86177492,2.81689191,2.71266913,2.47458911,2.39686537,2.14016914,2.20038652,2.4017837,2.45603824,2.45764351,2.57026362,2.7863009,2.82844949,2.84736943,2.95273018,2.91131568,,
Panama,PAN,Current health expenditure (% of GDP),7.23963356,7.17009974,7.31349277,6.95631361,7.34004402,6.43272924,6.7842741,7.62018394,7.05229712,7.24006367,7.4865942,7.08092785,6.74132681,6.75967455,7.16729832,7.18962574,7.35213518,7.42582321,7.87820292,8.46795654,10.8049345,9.68179989,,
Peru,PER,Current health expenditure (% of GDP),4.41482639,4.72161007,4.93902254,4.58695936,4.42970943,4.66595268,4.4095645,4.42612123,4.5332098,4.96515894,4.71503925,4.53500509,4.73488665,4.7487607,4.96445227,4.96122217,4.95967245,4.8808279,5.15967131,5.17916393,6.28521156,6.15173197,,
Philippines,PHL,Current health expenditure (% of GDP),3.06,2.85,2.64,3.08,3.05,3.74,3.78,3.75,3.86,4.16,4.13,4.03,4.18,4.27,3.7,3.9,3.95,3.96,3.95,4.17,5.16,5.87,5.1,
Palau,PLW,Current health expenditure (% of GDP),8.69525814,7.79659462,8.01948452,8.96286488,9.91890907,9.29251766,9.56446457,9.80653,9.40130234,10.30605984,11.61802578,10.86477661,11.4970541,11.97790623,12.12317181,11.33741093,11.62825298,12.52633381,12.85856915,13.40278435,14.34041405,16.38419533,,
Papua New Guinea,PNG,Current health expenditure (% of GDP),2.0184176,2.3006382,2.77562952,2.4531486,2.59372902,2.44874048,2.42600322,2.42102122,2.13526058,2.32937527,2.10756016,2.29397798,2.66693544,2.99727893,3.27119064,1.81881714,2.33063054,2.22970986,2.30051899,2.3253386,2.30193973,2.32032132,,
Poland,POL,Current health expenditure (% of GDP),5.29,5.67,6.07,5.95,5.87,5.81,5.8,5.87,6.38,6.59,6.47,6.29,6.27,6.48,6.43,6.4,6.59,6.58,6.31,6.46,6.5,6.44,6.68,
Pre-demographic dividend,PRE,Current health expenditure (% of GDP),3.472002286,3.792073257,3.630528871,4.500536767,4.533523354,4.272949567,4.221631606,4.162855119,3.969808834,4.27256132,3.862727151,3.726005077,3.604411323,3.750968538,3.694586999,3.961258777,4.301774961,4.164171295,3.866600872,3.897919588,4.454661242,4.552758147,,
Puerto Rico,PRI,Current health expenditure (% of GDP),,,,,,,,,,,,,,,,,,,,,,,,
"Korea, Dem. People's Rep.",PRK,Current health expenditure (% of GDP),,,,,,,,,,,,,,,,,,,,,,,,
Portugal,PRT,Current health expenditure (% of GDP),8.6,8.63,8.79,9.12,9.53,9.65,9.35,9.25,9.58,10.13,10.03,9.73,9.65,9.4,9.34,9.32,9.39,9.31,9.41,9.51,10.55,11.14,10.62,
Paraguay,PRY,Current health expenditure (% of GDP),6.01865244,5.60815811,4.75770569,4.90703917,4.93224335,4.82934713,5.01927567,5.02042723,5.03776026,5.52496862,5.46593952,5.82225847,6.53144598,6.0642848,6.62719059,6.69165802,6.67556572,6.60902548,6.74497652,7.16081905,7.67533064,8.03277016,,
West Bank and Gaza,PSE,Current health expenditure (% of GDP),,,,,,,,,,,,,,,,,,,,,,,,
Pacific island small states,PSS,Current health expenditure (% of GDP),4.9272268,4.875455765,5.122785173,4.704636974,5.118549576,5.585203002,5.312131948,5.103286361,4.903299417,5.344759774,5.042701057,4.767837269,4.852066469,4.893789191,4.895849604,4.939911973,4.857762434,4.704290296,5.151985394,5.394274379,6.024233147,6.563372662,,
Post-demographic dividend,PST,Current health expenditure (% of GDP),9.56873729,10.05782313,10.4964775,10.69365808,10.65107718,10.73419593,10.8297445,10.81034353,11.01742124,11.9581022,11.89753005,11.96592012,12.11080642,12.12109216,12.31086228,12.70088505,12.85052983,12.81071428,12.75633115,12.95547275,14.41206213,13.8225035,,
French Polynesia,PYF,Current health expenditure (% of GDP),,,,,,,,,,,,,,,,,,,,,,,,
Qatar,QAT,Current health expenditure (% of GDP),1.97258496,2.3197093,2.46044064,3.50257182,3.18311739,2.56300044,2.288064,2.07008052,1.63775349,2.38356304,1.87017763,1.599962,1.74822152,2.07620168,2.42293572,3.63581347,3.54971433,3.21237087,2.96176219,3.20278597,3.81872201,2.89366841,,
Romania,ROU,Current health expenditure (% of GDP),4.21,4.38,4.58,5.37,5.48,5.53,5.07,5.02,5.02,5.28,5.64,4.48,4.51,5.22,5.03,4.94,5.08,5.19,5.52,5.71,6.23,6.48,,
Russian Federation,RUS,Current health expenditure (% of GDP),5.02,5.24,5.52,5.16,4.76,4.77,4.77,4.75,4.9,5.64,4.97,4.79,4.94,5.08,5.18,5.3,5.29,5.36,5.36,5.65,7.57,7.39,,
Rwanda,RWA,Current health expenditure (% of GDP),3.57583427,3.31599975,3.13122177,6.93491793,7.50929976,7.72549963,7.60959911,7.86212587,7.5670433,7.80694866,8.08696938,7.93879843,8.10667801,6.77649164,6.98844194,6.65446424,6.96060848,6.38999748,6.69894743,6.34386826,7.47530079,7.32305002,,
South Asia,SAS,Current health expenditure (% of GDP),3.640314889,3.801401341,3.863810698,3.643047398,3.620284779,3.555461826,3.489197524,3.42005023,3.391474763,3.372095242,3.201848824,3.156777799,3.208861072,3.567703287,3.470838379,3.452421984,3.384559493,2.963607523,2.909130888,2.980573333,3.305409038,3.265601846,,
Saudi Arabia,SAU,Current health expenditure (% of GDP),4.2115941,4.4617424,4.2493701,3.97910738,3.58400226,3.41866732,3.6192224,3.56229162,2.97100711,4.29042768,3.64786315,3.68218255,3.98779702,4.42293596,5.15801096,5.86202002,6.24143076,6.03126049,5.34063101,5.46742678,6.64629889,5.96836901,,
Sudan,SDN,Current health expenditure (% of GDP),3.60664487,3.36456871,3.30010891,3.89187932,4.15593481,4.09418154,4.88544321,5.66269159,5.42313576,6.39496326,5.05810165,5.61579561,5.68827009,6.96487474,5.67619705,5.81112576,5.68438482,5.91767406,4.46358299,4.57422638,3.01518917,2.83633852,,
Senegal,SEN,Current health expenditure (% of GDP),3.55015397,3.68148756,3.95294404,4.29703569,4.56856203,3.67466521,3.76337624,3.41496587,3.50687575,3.841573,4.02764368,4.21416712,4.26688004,4.38573599,4.38962269,4.37789631,4.25606871,4.16359377,4.43182087,4.49531031,5.15119171,4.35098124,,
Singapore,SGP,Current health expenditure (% of GDP),3.343364,3.16302657,3.358464,3.60699272,3.15019798,3.03367925,2.9347465,2.83749056,3.19488454,3.39853096,3.20265388,3.15792179,3.32783675,3.68562651,3.87155652,4.18069839,4.38810682,4.36493397,4.07545424,4.39938164,5.71281767,5.56525183,,
Solomon Islands,SLB,Current health expenditure (% of GDP),4.82626629,6.60538721,10.10495281,7.075634,7.72383881,9.01593494,8.00584698,7.18298769,5.50597048,6.60598898,4.66139841,5.02313328,4.87480497,4.57886171,4.88791895,4.44578695,4.40253973,4.14992523,3.77378345,4.32405567,4.79699087,4.76345396,,
Sierra Leone,SLE,Current health expenditure (% of GDP),8.48961735,8.36564541,9.40313911,8.4533062,8.67061424,9.04395866,9.02353287,8.52283859,8.81158161,9.68422222,9.12688351,10.76753807,8.94355106,11.59017754,19.69004631,19.65816307,15.78850651,9.3997612,8.28987598,9.12992668,9.32588673,8.55334282,,
El Salvador,SLV,Current health expenditure (% of GDP),7.84342813,7.88604879,7.88565731,7.77182293,8.1302166,9.20057869,8.69338894,8.47836304,8.49585915,8.83749676,8.90416241,8.87645435,8.60625362,9.05235958,8.5989418,8.75833225,8.71456337,8.42286873,8.322752,8.80846119,9.08151054,9.71643353,,
San Marino,SMR,Current health expenditure (% of GDP),,5.64127541,5.39155769,4.77200127,4.86479282,4.88683653,4.91361904,5.09587288,5.41110897,6.18409586,6.20853519,8.0707283,8.98883724,8.23800278,8.30091763,8.43315315,8.4219532,8.25972271,8.2778492,8.14801598,8.48147392,7.97527838,,
Somalia,SOM,Current health expenditure (% of GDP),,,,,,,,,,,,,,,,,,,,,,,,
Serbia,SRB,Current health expenditure (% of GDP),6.18360472,6.49679995,7.59296274,7.66696072,7.84200048,8.28380585,8.49390411,9.3764925,9.48246479,9.34623528,9.5273037,9.11380386,9.32820415,9.31232452,9.24598789,8.81319809,8.45890999,8.22039318,8.53168106,8.66552734,8.70042133,10.0125246,,
Sub-Saharan Africa (excluding high income),SSA,Current health expenditure (% of GDP),4.992813387,5.026846107,4.587765466,5.496240899,5.479950376,5.292955406,5.2019929,5.100515469,4.892347808,5.288366762,5.212742663,5.155175216,4.985745756,4.966205145,4.750288109,4.974445366,5.042054886,5.044917168,4.774716776,4.734024951,4.935148986,5.103503709,,
South Sudan,SSD,Current health expenditure (% of GDP),,,,,,,,,,,,,,,,,,15.9569149,10.05615997,9.03740788,9.44806385,5.86061621,,
Sub-Saharan Africa,SSF,Current health expenditure (% of GDP),4.992208667,5.026828695,4.587362408,5.495679529,5.479192446,5.292199901,5.201082092,5.099299188,4.89135389,5.287127147,5.212254659,5.15471847,4.986013044,4.965664429,4.75016895,4.97392241,5.04197079,5.044627777,4.774888193,4.734062229,4.936455612,5.103624752,,
Small states,SST,Current health expenditure (% of GDP),4.920895394,4.944945003,5.202391279,5.392248705,5.383599677,5.364475274,5.191691775,5.201526421,5.321635548,5.81715294,5.62788333,5.468183379,5.484727285,5.654422199,5.773348748,5.978995142,6.078559009,6.04169138,6.004472507,6.112056887,7.117785521,7.167672571,,
Sao Tome and Principe,STP,Current health expenditure (% of GDP),10.51756001,10.83865166,10.69723701,12.6639061,11.91980934,11.55062962,8.30422878,8.20471764,7.16872263,7.24220848,6.86072636,6.76036882,6.47629499,7.93743753,6.73101807,5.34009647,6.43088865,6.46181059,5.50957823,5.29584646,7.30042553,7.82528496,,
Suriname,SUR,Current health expenditure (% of GDP),5.87092161,3.82474971,5.32991552,4.88878393,5.4608078,5.2439642,5.85598755,5.22148609,4.74699593,4.97810316,4.6978569,4.40932178,4.28435707,4.48738098,4.52127838,5.80808163,5.99283743,5.32285929,6.68795872,8.70230103,6.84054422,5.6838975,,
Slovak Republic,SVK,Current health expenditure (% of GDP),5.3,5.33,5.51,5.45,6.37,6.59,6.85,7.18,6.96,7.95,7.67,7.3,7.54,7.5,6.88,6.76,7.09,6.76,6.67,6.92,7.13,7.75,,
Slovenia,SVN,Current health expenditure (% of GDP),7.8,7.88,8.02,8.1,7.94,8,7.82,7.51,7.85,8.54,8.57,8.54,8.72,8.74,8.5,8.5,8.46,8.18,8.28,8.5,9.43,9.48,8.85,
Sweden,SWE,Current health expenditure (% of GDP),7.33,7.9,8.21,8.32,8.13,8.15,8.05,8,8.21,8.77,8.32,10.42,10.74,10.9,10.95,10.8,10.85,10.79,10.94,10.83,11.33,11.25,10.67,
Eswatini,SWZ,Current health expenditure (% of GDP),4.60951757,5.13895369,5.52298307,6.37864399,6.81432486,7.37623358,7.82560062,7.93004131,8.85792923,8.63292217,8.5912571,8.46997261,7.82047606,7.45703411,7.25596571,7.05855274,6.82044792,6.98103714,6.62469387,7.15369368,6.59767151,7.03582335,,
Sint Maarten (Dutch part),SXM,Current health expenditure (% of GDP),,,,,,,,,,,,,,,,,,,,,,,,
Seychelles,SYC,Current health expenditure (% of GDP),4.61071777,5.01642942,4.35287333,5.08738041,4.90274191,4.66865683,4.39767885,3.85076666,3.61745405,3.54135323,4.50142097,4.46079111,5.39592934,4.24818325,4.59131193,4.37339973,4.96118879,4.76658726,4.94443846,4.77020788,6.54135609,5.25937986,,
Syrian Arab Republic,SYR,Current health expenditure (% of GDP),4.55400705,4.6971879,4.94717073,5.11781693,4.47935343,4.10970592,3.77771473,3.72242856,3.39762759,3.5464704,3.2764473,2.52865291,3.04719615,,,,,,,,,,,
Turks and Caicos Islands,TCA,Current health expenditure (% of GDP),,,,,,,,,,,,,,,,,,,,,,,,
Chad,TCD,Current health expenditure (% of GDP),5.45750713,5.2932992,7.26787424,5.50940943,5.50012684,4.84111166,4.86643076,4.34313393,4.05955124,4.44166946,4.06023312,3.91046357,3.8560791,4.06645298,4.27316904,4.52395248,4.73396969,4.64740467,4.56768799,4.59277868,5.53655243,5.19022274,,
East Asia & Pacific (IDA & IBRD countries),TEA,Current health expenditure (% of GDP),3.955747392,3.854890877,3.917096725,3.983029021,3.892388408,3.88307156,3.731916542,3.558276332,3.727887047,4.126934415,4.020169032,4.142497044,4.337366535,4.469089783,4.556872978,4.718025714,4.754199936,4.819116383,4.91811511,5.06634043,5.352184642,5.259957475,,
Europe & Central Asia (IDA & IBRD countries),TEC,Current health expenditure (% of GDP),5.022046757,5.309592883,5.541246819,5.453880664,5.248487796,5.229347393,5.209315691,5.179128011,5.286463405,5.788324218,5.355901265,5.057325116,5.113139214,5.17502114,5.209161964,5.22868755,5.339290306,5.346582818,5.362090958,5.579362453,6.596250059,6.615543017,,
Togo,TGO,Current health expenditure (% of GDP),2.79418182,2.88543367,2.90227056,2.93837667,3.0855279,3.3024261,3.44603634,3.8666532,3.84063601,4.07616663,4.45493317,4.55412722,4.80787134,4.94373512,5.07998943,4.95647097,6.59755707,6.49392271,6.08894634,5.726192,6.03786469,5.55532026,,
Thailand,THA,Current health expenditure (% of GDP),3.10125351,3.02623773,3.334723,3.24312782,3.13893151,3.15972233,3.09970832,3.19277525,3.45933938,3.61939645,3.39009809,3.56825495,3.5229404,3.45313334,3.68448091,3.8522861,3.93900609,3.85276842,3.87040329,3.78911877,4.35728741,5.16038752,,
Tajikistan,TJK,Current health expenditure (% of GDP),4.26,4.58,4.44,4.7,4.8,5.21,5.03,5.54,5.91,5.86,5.74,5.86,5.98,6.53,6.67,6.91,6.96,6.85,7.01,6.95,8.18,8.01,,
Turkmenistan,TKM,Current health expenditure (% of GDP),4.07783461,4.82198191,4.15504408,5.0367589,6.25892353,5.65422964,4.97834015,3.12948632,3.49424887,2.84764099,3.24345636,3.24805617,3.36840105,3.93541193,4.30969286,5.11721087,5.74498892,5.93897438,5.69395018,5.68183947,5.68472815,5.56931353,,
Latin America & the Caribbean (IDA & IBRD countries),TLA,Current health expenditure (% of GDP),6.450570396,6.544705133,6.397844195,6.62299574,6.708283418,6.737090461,6.782409109,6.908743479,6.959799348,7.501688427,7.233380377,7.130775774,7.163491619,7.305016719,7.426093866,7.763804352,7.813816143,8.033076188,7.914821126,7.922105759,8.511082072,8.305773307,,
Timor-Leste,TLS,Current health expenditure (% of GDP),,,,2.84187031,4.26103544,5.28044748,6.00192022,5.64793253,6.96563959,7.30931807,6.47058821,6.86541462,6.99215221,8.5323782,7.60483742,7.67216587,6.89625168,6.75752544,6.36952639,6.02679253,9.96385956,11.43839264,,
Middle East & North Africa (IDA & IBRD countries),TMN,Current health expenditure (% of GDP),4.713884071,5.068106735,4.984066342,4.828520655,4.733695867,4.561952935,4.46336523,4.493501006,4.504298922,5.28203958,5.169630082,5.16848866,5.296357132,5.109222597,5.477382133,5.985790345,6.370788242,6.35392112,5.925074863,5.415550875,5.431573493,5.467619594,,
Tonga,TON,Current health expenditure (% of GDP),2.90389204,3.42501593,3.58957744,3.43583083,4.50741625,4.38560247,5.47225046,4.73330021,6.05759716,3.92779636,4.81632328,3.82126665,4.79517698,3.9839797,5.00648069,4.47327423,4.81820822,4.85577822,4.80628061,4.75078154,5.33435154,6.27256584,,
South Asia (IDA & IBRD),TSA,Current health expenditure (% of GDP),3.640314889,3.801401341,3.863810698,3.643047398,3.620284779,3.555461826,3.489197524,3.42005023,3.391474763,3.372095242,3.201848824,3.156777799,3.208861072,3.567703287,3.470838379,3.452421984,3.384559493,2.963607523,2.909130888,2.980573333,3.305409038,3.265601846,,
Sub-Saharan Africa (IDA & IBRD countries),TSS,Current health expenditure (% of GDP),4.992208667,5.026828695,4.587362408,5.495679529,5.479192446,5.292199901,5.201082092,5.099299188,4.89135389,5.287127147,5.212254659,5.15471847,4.986013044,4.965664429,4.75016895,4.97392241,5.04197079,5.044627777,4.774888193,4.734062229,4.936455612,5.103624752,,
Trinidad and Tobago,TTO,Current health expenditure (% of GDP),4.23492479,4.0346489,4.72302485,4.18767118,4.30805206,4.43451166,4.15431976,4.1536026,3.6575706,5.48676443,5.08042908,4.72197914,4.63289499,4.80276918,4.87136698,5.65026045,6.50998688,6.57946634,6.5323596,6.83128405,7.53854179,7.0194726,,
Tunisia,TUN,Current health expenditure (% of GDP),4.81271935,4.86132765,5.12036419,5.20888519,5.19890785,5.14555788,5.13109922,5.17542839,5.1644063,5.40595293,5.60950756,6.12299299,6.28984737,6.51394987,6.45006084,6.21339941,6.24778175,6.18557453,5.9375186,6.02461243,7.05024958,6.97273922,,
Turkiye,TUR,Current health expenditure (% of GDP),4.6,4.89,5.06,5.01,4.91,4.89,5.15,5.24,5.22,5.49,5.02,4.65,4.44,4.37,4.33,4.12,4.28,4.18,4.12,4.37,4.62,4.57,,
Tuvalu,TUV,Current health expenditure (% of GDP),22.37474632,18.47802734,12.42768574,14.38950729,9.88583279,10.56283283,12.27132893,10.51983929,10.1193676,12.26670933,15.65082836,14.10340405,13.5962553,14.3384304,14.6935215,13.52732944,18.61886597,24.28305244,18.64067841,22.41327286,18.86140633,19.96582222,,
Tanzania,TZA,Current health expenditure (% of GDP),3.41529942,4.23551702,4.68907642,5.34231472,5.7373414,6.32282543,7.598279,6.88427973,5.55704737,5.06306362,5.22392178,5.0559845,5.01779366,4.64643383,4.01492071,3.64969945,3.96350336,4.08257437,4.16191673,3.88136053,2.93978429,3.36136484,,
Uganda,UGA,Current health expenditure (% of GDP),5.08276892,5.05207348,4.77135611,4.29918194,4.7002449,5.80518579,6.46332979,6.1131134,5.45476198,5.78845549,6.80890226,6.6959095,6.10853958,5.78252411,5.33653069,5.0745697,4.96169233,3.99788952,4.02080536,3.79834843,4.30198574,4.67196703,,
Ukraine,UKR,Current health expenditure (% of GDP),5.31,5.73,5.99,6.55,6.17,6.35,6.42,6.02,5.5,6.61,6.81,6.82,7.12,6.94,7.2,7.78,7.55,7.44,7.52,7.09,7.56,8.01,,
Upper middle income,UMC,Current health expenditure (% of GDP),5.308183997,5.289652767,5.145021004,5.234098593,5.211951378,5.221145503,5.148509995,5.074667594,5.090022108,5.490538544,5.320654405,5.297561,5.342001738,5.387340989,5.461090483,5.580231923,5.618798255,5.700063535,5.645502125,5.714865943,5.995719899,5.8220111,,
Uruguay,URY,Current health expenditure (% of GDP),9.21095848,9.79864407,9.68134308,9.61753464,8.30145359,7.75686073,7.74287462,7.49349833,8.12533188,7.9498806,7.91117048,7.94897985,8.06757545,8.11897373,8.07319641,8.29225731,8.67535782,8.82179642,9.01452351,9.39027691,9.13688469,9.3592062,,
United States,USA,Current health expenditure (% of GDP),12.49002552,13.16811562,13.9952774,14.50551128,14.55115986,14.57938957,14.70870876,14.91824913,15.20718479,16.20063591,16.19719124,16.13996315,16.11969566,15.99170876,16.19919777,16.49056816,16.80215836,16.76750183,16.62964439,16.66580582,18.75621986,17.3625679,16.57115173,
Uzbekistan,UZB,Current health expenditure (% of GDP),5.12,5.24,5.14,5.19,4.84,4.78,4.75,4.54,4.7,4.8,5.3,5.26,5.55,5.72,4.43,4.74,4.72,4.84,5.08,5.43,6.75,7.74,,
St. Vincent and the Grenadines,VCT,Current health expenditure (% of GDP),3.97939277,4.00093412,4.07769632,3.95764542,3.8658421,3.83165979,3.65356708,3.81816602,3.88194203,4.09299564,4.30325222,4.23108053,4.45042276,4.24191046,4.17631912,4.11412001,4.09573793,4.22985649,4.25346231,4.25543451,4.8395834,5.36252117,,
"Venezuela, RB",VEN,Current health expenditure (% of GDP),,,,,,,,,,,,,,,,,,,2.41691327,2.18563724,4.08657551,4.03775549,,
British Virgin Islands,VGB,Current health expenditure (% of GDP),,,,,,,,,,,,,,,,,,,,,,,,
Virgin Islands (U.S.),VIR,Current health expenditure (% of GDP),,,,,,,,,,,,,,,,,,,,,,,,
Viet Nam,VNM,Current health expenditure (% of GDP),4.10752726,4.80107498,3.87075853,3.94229889,4.08791971,4.31821251,4.56979847,4.62917614,4.36028337,4.48502922,5.07146072,4.97468519,5.00178242,4.41233158,4.69078779,4.71140909,4.86994743,4.99014759,5.02678823,4.97407484,4.30061865,4.59346437,,
Vanuatu,VUT,Current health expenditure (% of GDP),3.30683255,3.38728333,3.90437746,3.50691938,3.53991532,3.30528617,3.32189322,3.1078558,3.13810205,3.25197887,3.52656102,3.59819388,3.9356277,4.39234495,3.64668846,4.32168293,2.93130064,2.76285458,3.31753612,3.31453276,3.99482441,4.3733778,,
World,WLD,Current health expenditure (% of GDP),8.622347667,9.008975965,9.350657665,9.505863891,9.398038426,9.329906335,9.254038935,9.084769492,9.089074384,9.83366647,9.497934629,9.357211247,9.370001009,9.342759524,9.45122832,9.731395407,9.868682098,9.756478624,9.679061377,9.809461599,10.86795101,10.35364356,,
Samoa,WSM,Current health expenditure (% of GDP),4.28232527,3.81804991,4.49205494,4.17237139,4.52578545,4.63365459,4.88451385,4.7446332,4.53258085,5.12732029,5.15268326,5.38357162,4.9883461,6.2147789,6.25431204,6.21226454,5.63365221,5.16120243,4.77439356,5.63886738,6.18895578,6.80313492,,
Kosovo,XKX,Current health expenditure (% of GDP),,,,,,,,,,,,,,,,,,,,,,,,
"Yemen, Rep.",YEM,Current health expenditure (% of GDP),4.66606569,4.94514799,4.83237982,5.75758314,5.5144043,5.20585251,5.52930164,5.82077599,5.76191616,5.98619986,5.15932894,4.7695322,5.19593525,4.96083164,4.8418045,4.25285673,,,,,,,,
South Africa,ZAF,Current health expenditure (% of GDP),7.3366189,7.12327909,6.67774487,7.04098177,6.938416,6.86216164,6.87650871,6.90510845,7.14832258,7.64941454,7.79358244,7.94434404,8.00428867,8.10322285,7.87136555,8.05304241,8.07959366,7.97711229,8.08820343,8.24418926,8.57258797,8.27309132,,
Zambia,ZMB,Current health expenditure (% of GDP),4.17365646,4.82995701,5.88845205,5.99553585,5.48490572,6.33088684,5.5774231,4.57961416,4.46690989,5.15718842,3.97471905,3.95913363,4.04541731,4.57390451,3.82924223,4.42974281,4.46923161,4.78156233,4.76996708,6.75332499,6.31619787,6.62416458,,
Zimbabwe,ZWE,Current health expenditure (% of GDP),,,,,,,,,,,10.47583866,8.08288383,6.91794872,7.10940313,8.13227272,7.44982719,7.46644735,6.36358309,4.67039156,3.23280239,2.95440149,2.78975058,,